Workbook

Sheet 연간 대시보드
B2: 2027년 연간 가계부 대시보드
B4: 월 | C4: 총 수입(원) | D4: 고정 지출(원) | E4: 변동 지출(원) | F4: 총 지출(원) | G4: 저축/투자(원) | H4: 당월 잔액(원) | I4: 저축률
B5: 1월 | C5: ='1월'!C31 -> 4000000 | D5: ='1월'!C32 -> 1200000 | E5: ='1월'!C33 -> 420000 | F5: =D5+E5 -> 1620000 | G5: ='1월'!C35 -> 2200000 | H5: =C5-F5-G5 -> 180000 | I5: =IF(C5>0, G5/C5, 0) -> 0.55
B6: 2월 | C6: ='2월'!C31 -> 4000000 | D6: ='2월'!C32 -> 1200000 | E6: ='2월'!C33 -> 420000 | F6: =D6+E6 -> 1620000 | G6: ='2월'!C35 -> 2200000 | H6: =C6-F6-G6 -> 180000 | I6: =IF(C6>0, G6/C6, 0) -> 0.55
B7: 3월 | C7: ='3월'!C31 -> 4000000 | D7: ='3월'!C32 -> 1200000 | E7: ='3월'!C33 -> 420000 | F7: =D7+E7 -> 1620000 | G7: ='3월'!C35 -> 2200000 | H7: =C7-F7-G7 -> 180000 | I7: =IF(C7>0, G7/C7, 0) -> 0.55
B8: 4월 | C8: ='4월'!C31 -> 4000000 | D8: ='4월'!C32 -> 1200000 | E8: ='4월'!C33 -> 420000 | F8: =D8+E8 -> 1620000 | G8: ='4월'!C35 -> 2200000 | H8: =C8-F8-G8 -> 180000 | I8: =IF(C8>0, G8/C8, 0) -> 0.55
B9: 5월 | C9: ='5월'!C31 -> 4000000 | D9: ='5월'!C32 -> 1200000 | E9: ='5월'!C33 -> 420000 | F9: =D9+E9 -> 1620000 | G9: ='5월'!C35 -> 2200000 | H9: =C9-F9-G9 -> 180000 | I9: =IF(C9>0, G9/C9, 0) -> 0.55
B10: 6월 | C10: ='6월'!C31 -> 4000000 | D10: ='6월'!C32 -> 1200000 | E10: ='6월'!C33 -> 420000 | F10: =D10+E10 -> 1620000 | G10: ='6월'!C35 -> 2200000 | H10: =C10-F10-G10 -> 180000 | I10: =IF(C10>0, G10/C10, 0) -> 0.55
B11: 7월 | C11: ='7월'!C31 -> 4000000 | D11: ='7월'!C32 -> 1200000 | E11: ='7월'!C33 -> 420000 | F11: =D11+E11 -> 1620000 | G11: ='7월'!C35 -> 2200000 | H11: =C11-F11-G11 -> 180000 | I11: =IF(C11>0, G11/C11, 0) -> 0.55
B12: 8월 | C12: ='8월'!C31 -> 4000000 | D12: ='8월'!C32 -> 1200000 | E12: ='8월'!C33 -> 420000 | F12: =D12+E12 -> 1620000 | G12: ='8월'!C35 -> 2200000 | H12: =C12-F12-G12 -> 180000 | I12: =IF(C12>0, G12/C12, 0) -> 0.55
B13: 9월 | C13: ='9월'!C31 -> 4000000 | D13: ='9월'!C32 -> 1200000 | E13: ='9월'!C33 -> 420000 | F13: =D13+E13 -> 1620000 | G13: ='9월'!C35 -> 2200000 | H13: =C13-F13-G13 -> 180000 | I13: =IF(C13>0, G13/C13, 0) -> 0.55
B14: 10월 | C14: ='10월'!C31 -> 4000000 | D14: ='10월'!C32 -> 1200000 | E14: ='10월'!C33 -> 420000 | F14: =D14+E14 -> 1620000 | G14: ='10월'!C35 -> 2200000 | H14: =C14-F14-G14 -> 180000 | I14: =IF(C14>0, G14/C14, 0) -> 0.55
B15: 11월 | C15: ='11월'!C31 -> 4000000 | D15: ='11월'!C32 -> 1200000 | E15: ='11월'!C33 -> 420000 | F15: =D15+E15 -> 1620000 | G15: ='11월'!C35 -> 2200000 | H15: =C15-F15-G15 -> 180000 | I15: =IF(C15>0, G15/C15, 0) -> 0.55
B16: 12월 | C16: ='12월'!C31 -> 4000000 | D16: ='12월'!C32 -> 1200000 | E16: ='12월'!C33 -> 420000 | F16: =D16+E16 -> 1620000 | G16: ='12월'!C35 -> 2200000 | H16: =C16-F16-G16 -> 180000 | I16: =IF(C16>0, G16/C16, 0) -> 0.55
B17: 연간 합계 | C17: =SUM(C5:C16) -> 48000000 | D17: =SUM(D5:D16) -> 14400000 | E17: =SUM(E5:E16) -> 5040000 | F17: =SUM(F5:F16) -> 19440000 | G17: =SUM(G5:G16) -> 26400000 | H17: =SUM(H5:H16) -> 2160000 | I17: =IF(C17>0, G17/C17, 0) -> 0.55
B18: 월평균 | C18: =AVERAGE(C5:C16) -> 4000000 | D18: =AVERAGE(D5:D16) -> 1200000 | E18: =AVERAGE(E5:E16) -> 420000 | F18: =AVERAGE(F5:F16) -> 1620000 | G18: =AVERAGE(G5:G16) -> 2200000 | H18: =AVERAGE(H5:H16) -> 180000 | I18: =AVERAGE(I5:I16) -> 0.55

Sheet 1월
B2: 2027년 1월 가계부
B4: [고정 수입] | G4: [이달의 변동 지출 내역]
B5: 항목 | C5: 예정일 | D5: 내용 | E5: 금액(원) | G5: 일자 | H5: 분류 | I5: 지출내용 | J5: 결제수단 | K5: 금액(원) | L5: 비고
B6: 기본급 | C6: 25일 | D6: 정기 급여 | E6: 4000000 | G6: 2027-01-03 | H6: 식비 | I6: 주말 장보기 | J6: 신용카드 | K6: 150000
B7: 상여/수당 | C7: - | D7: 성과급 등 | E7: 0 | G7: 2027-01-05 | H7: 외식/카페 | I7: 가족 외식 | J7: 신용카드 | K7: 80000
B8: 부수입 | C8: - | D8: 이자/배당 등 | E8: 0 | G8: 2027-01-08 | H8: 교통/차량 | I8: 주유 | J8: 체크카드 | K8: 70000
B9: 기타 | C9: - | D9: 환급금 등 | E9: 0 | G9: 2027-01-12 | H9: 생활용품 | I9: 생필품 구매 | J9: 신용카드 | K9: 50000
B10: 고정수입 합계 | E10: =SUM(E6:E9) -> 4000000 | G10: 2027-01-15 | H10: 문화/여가 | I10: 도서 및 영화 | J10: 신용카드 | K10: 40000
G11: 2027-01-20 | H11: 의료/건강 | I11: 병원 및 약국 | J11: 체크카드 | K11: 30000
B12: [고정 지출] | K12: 0
B13: 항목 | C13: 출금일 | D13: 내용/기관 | E13: 금액(원) | K13: 0
B14: 주거/관리비 | C14: 20일 | D14: 관리비 및 공과금 | E14: 300000 | K14: 0
B15: 통신/인터넷 | C15: 15일 | D15: 휴대폰 및 인터넷 | E15: 120000 | K15: 0
B16: 보장성보험 | C16: 10일 | D16: 실비 및 암보험 | E16: 250000 | K16: 0
B17: 대출원리금 | C17: 25일 | D17: 주택담보/신용대출 | E17: 500000 | K17: 0
B18: 구독/회비 | C18: 1일 | D18: OTT/멤버십 | E18: 30000 | K18: 0
B19: 기타정기지출 | C19: - | D19: 기타 정기출금 | E19: 0 | K19: 0
B20: 고정지출 합계 | E20: =SUM(E14:E19) -> 1200000 | K20: 0
K21: 0
B22: [저축 및 투자] | K22: 0
B23: 항목 | C23: 납입일 | D23: 금융기관/내용 | E23: 금액(원) | K23: 0
B24: 정기적금/예금 | C24: 25일 | D24: 목돈 마련 적금 | E24: 1000000 | G24: 변동지출 합계 | K24: =SUM(K6:K23) -> 420000
B25: 연금저축/IRP | C25: 25일 | D25: 세액공제 연금 | E25: 500000
B26: 주식/ETF투자 | C26: 25일 | D26: 적립식 투자 | E26: 500000 | G26: 구분 | H26: 금액(원)
B27: 비상금적립 | C27: 25일 | D27: CMA 파킹통장 | E27: 200000 | G27: 수입 | H27: =C31 -> 4000000
B28: 저축/투자 합계 | E28: =SUM(E24:E27) -> 2200000 | G28: 지출 | H28: =C34 -> 1620000
G29: 저축 | H29: =C35 -> 2200000
B30: [1월 재무 요약]
B31: 총 수입 | C31: =E10 -> 4000000
B32: 고정 지출 | C32: =E20 -> 1200000
B33: 변동 지출 | C33: =K24 -> 420000
B34: 총 지출 | C34: =C32+C33 -> 1620000
B35: 저축 및 투자 | C35: =E28 -> 2200000
B36: 당월 잔액(잉여금) | C36: =C31-C34-C35 -> 180000

Sheet 2월
B2: 2027년 2월 가계부
B4: [고정 수입] | G4: [이달의 변동 지출 내역]
B5: 항목 | C5: 예정일 | D5: 내용 | E5: 금액(원) | G5: 일자 | H5: 분류 | I5: 지출내용 | J5: 결제수단 | K5: 금액(원) | L5: 비고
B6: 기본급 | C6: 25일 | D6: 정기 급여 | E6: 4000000 | G6: 2027-02-03 | H6: 식비 | I6: 주말 장보기 | J6: 신용카드 | K6: 150000
B7: 상여/수당 | C7: - | D7: 성과급 등 | E7: 0 | G7: 2027-02-05 | H7: 외식/카페 | I7: 가족 외식 | J7: 신용카드 | K7: 80000
B8: 부수입 | C8: - | D8: 이자/배당 등 | E8: 0 | G8: 2027-02-08 | H8: 교통/차량 | I8: 주유 | J8: 체크카드 | K8: 70000
B9: 기타 | C9: - | D9: 환급금 등 | E9: 0 | G9: 2027-02-12 | H9: 생활용품 | I9: 생필품 구매 | J9: 신용카드 | K9: 50000
B10: 고정수입 합계 | E10: =SUM(E6:E9) -> 4000000 | G10: 2027-02-15 | H10: 문화/여가 | I10: 도서 및 영화 | J10: 신용카드 | K10: 40000
G11: 2027-02-20 | H11: 의료/건강 | I11: 병원 및 약국 | J11: 체크카드 | K11: 30000
B12: [고정 지출] | K12: 0
B13: 항목 | C13: 출금일 | D13: 내용/기관 | E13: 금액(원) | K13: 0
B14: 주거/관리비 | C14: 20일 | D14: 관리비 및 공과금 | E14: 300000 | K14: 0
B15: 통신/인터넷 | C15: 15일 | D15: 휴대폰 및 인터넷 | E15: 120000 | K15: 0
B16: 보장성보험 | C16: 10일 | D16: 실비 및 암보험 | E16: 250000 | K16: 0
B17: 대출원리금 | C17: 25일 | D17: 주택담보/신용대출 | E17: 500000 | K17: 0
B18: 구독/회비 | C18: 1일 | D18: OTT/멤버십 | E18: 30000 | K18: 0
B19: 기타정기지출 | C19: - | D19: 기타 정기출금 | E19: 0 | K19: 0
B20: 고정지출 합계 | E20: =SUM(E14:E19) -> 1200000 | K20: 0
K21: 0
B22: [저축 및 투자] | K22: 0
B23: 항목 | C23: 납입일 | D23: 금융기관/내용 | E23: 금액(원) | K23: 0
B24: 정기적금/예금 | C24: 25일 | D24: 목돈 마련 적금 | E24: 1000000 | G24: 변동지출 합계 | K24: =SUM(K6:K23) -> 420000
B25: 연금저축/IRP | C25: 25일 | D25: 세액공제 연금 | E25: 500000
B26: 주식/ETF투자 | C26: 25일 | D26: 적립식 투자 | E26: 500000 | G26: 구분 | H26: 금액(원)
B27: 비상금적립 | C27: 25일 | D27: CMA 파킹통장 | E27: 200000 | G27: 수입 | H27: =C31 -> 4000000
B28: 저축/투자 합계 | E28: =SUM(E24:E27) -> 2200000 | G28: 지출 | H28: =C34 -> 1620000
G29: 저축 | H29: =C35 -> 2200000
B30: [2월 재무 요약]
B31: 총 수입 | C31: =E10 -> 4000000
B32: 고정 지출 | C32: =E20 -> 1200000
B33: 변동 지출 | C33: =K24 -> 420000
B34: 총 지출 | C34: =C32+C33 -> 1620000
B35: 저축 및 투자 | C35: =E28 -> 2200000
B36: 당월 잔액(잉여금) | C36: =C31-C34-C35 -> 180000

Sheet 3월
B2: 2027년 3월 가계부
B4: [고정 수입] | G4: [이달의 변동 지출 내역]
B5: 항목 | C5: 예정일 | D5: 내용 | E5: 금액(원) | G5: 일자 | H5: 분류 | I5: 지출내용 | J5: 결제수단 | K5: 금액(원) | L5: 비고
B6: 기본급 | C6: 25일 | D6: 정기 급여 | E6: 4000000 | G6: 2027-03-03 | H6: 식비 | I6: 주말 장보기 | J6: 신용카드 | K6: 150000
B7: 상여/수당 | C7: - | D7: 성과급 등 | E7: 0 | G7: 2027-03-05 | H7: 외식/카페 | I7: 가족 외식 | J7: 신용카드 | K7: 80000
B8: 부수입 | C8: - | D8: 이자/배당 등 | E8: 0 | G8: 2027-03-08 | H8: 교통/차량 | I8: 주유 | J8: 체크카드 | K8: 70000
B9: 기타 | C9: - | D9: 환급금 등 | E9: 0 | G9: 2027-03-12 | H9: 생활용품 | I9: 생필품 구매 | J9: 신용카드 | K9: 50000
B10: 고정수입 합계 | E10: =SUM(E6:E9) -> 4000000 | G10: 2027-03-15 | H10: 문화/여가 | I10: 도서 및 영화 | J10: 신용카드 | K10: 40000
G11: 2027-03-20 | H11: 의료/건강 | I11: 병원 및 약국 | J11: 체크카드 | K11: 30000
B12: [고정 지출] | K12: 0
B13: 항목 | C13: 출금일 | D13: 내용/기관 | E13: 금액(원) | K13: 0
B14: 주거/관리비 | C14: 20일 | D14: 관리비 및 공과금 | E14: 300000 | K14: 0
B15: 통신/인터넷 | C15: 15일 | D15: 휴대폰 및 인터넷 | E15: 120000 | K15: 0
B16: 보장성보험 | C16: 10일 | D16: 실비 및 암보험 | E16: 250000 | K16: 0
B17: 대출원리금 | C17: 25일 | D17: 주택담보/신용대출 | E17: 500000 | K17: 0
B18: 구독/회비 | C18: 1일 | D18: OTT/멤버십 | E18: 30000 | K18: 0
B19: 기타정기지출 | C19: - | D19: 기타 정기출금 | E19: 0 | K19: 0
B20: 고정지출 합계 | E20: =SUM(E14:E19) -> 1200000 | K20: 0
K21: 0
B22: [저축 및 투자] | K22: 0
B23: 항목 | C23: 납입일 | D23: 금융기관/내용 | E23: 금액(원) | K23: 0
B24: 정기적금/예금 | C24: 25일 | D24: 목돈 마련 적금 | E24: 1000000 | G24: 변동지출 합계 | K24: =SUM(K6:K23) -> 420000
B25: 연금저축/IRP | C25: 25일 | D25: 세액공제 연금 | E25: 500000
B26: 주식/ETF투자 | C26: 25일 | D26: 적립식 투자 | E26: 500000 | G26: 구분 | H26: 금액(원)
B27: 비상금적립 | C27: 25일 | D27: CMA 파킹통장 | E27: 200000 | G27: 수입 | H27: =C31 -> 4000000
B28: 저축/투자 합계 | E28: =SUM(E24:E27) -> 2200000 | G28: 지출 | H28: =C34 -> 1620000
G29: 저축 | H29: =C35 -> 2200000
B30: [3월 재무 요약]
B31: 총 수입 | C31: =E10 -> 4000000
B32: 고정 지출 | C32: =E20 -> 1200000
B33: 변동 지출 | C33: =K24 -> 420000
B34: 총 지출 | C34: =C32+C33 -> 1620000
B35: 저축 및 투자 | C35: =E28 -> 2200000
B36: 당월 잔액(잉여금) | C36: =C31-C34-C35 -> 180000

Sheet 4월
B2: 2027년 4월 가계부
B4: [고정 수입] | G4: [이달의 변동 지출 내역]
B5: 항목 | C5: 예정일 | D5: 내용 | E5: 금액(원) | G5: 일자 | H5: 분류 | I5: 지출내용 | J5: 결제수단 | K5: 금액(원) | L5: 비고
B6: 기본급 | C6: 25일 | D6: 정기 급여 | E6: 4000000 | G6: 2027-04-03 | H6: 식비 | I6: 주말 장보기 | J6: 신용카드 | K6: 150000
B7: 상여/수당 | C7: - | D7: 성과급 등 | E7: 0 | G7: 2027-04-05 | H7: 외식/카페 | I7: 가족 외식 | J7: 신용카드 | K7: 80000
B8: 부수입 | C8: - | D8: 이자/배당 등 | E8: 0 | G8: 2027-04-08 | H8: 교통/차량 | I8: 주유 | J8: 체크카드 | K8: 70000
B9: 기타 | C9: - | D9: 환급금 등 | E9: 0 | G9: 2027-04-12 | H9: 생활용품 | I9: 생필품 구매 | J9: 신용카드 | K9: 50000
B10: 고정수입 합계 | E10: =SUM(E6:E9) -> 4000000 | G10: 2027-04-15 | H10: 문화/여가 | I10: 도서 및 영화 | J10: 신용카드 | K10: 40000
G11: 2027-04-20 | H11: 의료/건강 | I11: 병원 및 약국 | J11: 체크카드 | K11: 30000
B12: [고정 지출] | K12: 0
B13: 항목 | C13: 출금일 | D13: 내용/기관 | E13: 금액(원) | K13: 0
B14: 주거/관리비 | C14: 20일 | D14: 관리비 및 공과금 | E14: 300000 | K14: 0
B15: 통신/인터넷 | C15: 15일 | D15: 휴대폰 및 인터넷 | E15: 120000 | K15: 0
B16: 보장성보험 | C16: 10일 | D16: 실비 및 암보험 | E16: 250000 | K16: 0
B17: 대출원리금 | C17: 25일 | D17: 주택담보/신용대출 | E17: 500000 | K17: 0
B18: 구독/회비 | C18: 1일 | D18: OTT/멤버십 | E18: 30000 | K18: 0
B19: 기타정기지출 | C19: - | D19: 기타 정기출금 | E19: 0 | K19: 0
B20: 고정지출 합계 | E20: =SUM(E14:E19) -> 1200000 | K20: 0
K21: 0
B22: [저축 및 투자] | K22: 0
B23: 항목 | C23: 납입일 | D23: 금융기관/내용 | E23: 금액(원) | K23: 0
B24: 정기적금/예금 | C24: 25일 | D24: 목돈 마련 적금 | E24: 1000000 | G24: 변동지출 합계 | K24: =SUM(K6:K23) -> 420000
B25: 연금저축/IRP | C25: 25일 | D25: 세액공제 연금 | E25: 500000
B26: 주식/ETF투자 | C26: 25일 | D26: 적립식 투자 | E26: 500000 | G26: 구분 | H26: 금액(원)
B27: 비상금적립 | C27: 25일 | D27: CMA 파킹통장 | E27: 200000 | G27: 수입 | H27: =C31 -> 4000000
B28: 저축/투자 합계 | E28: =SUM(E24:E27) -> 2200000 | G28: 지출 | H28: =C34 -> 1620000
G29: 저축 | H29: =C35 -> 2200000
B30: [4월 재무 요약]
B31: 총 수입 | C31: =E10 -> 4000000
B32: 고정 지출 | C32: =E20 -> 1200000
B33: 변동 지출 | C33: =K24 -> 420000
B34: 총 지출 | C34: =C32+C33 -> 1620000
B35: 저축 및 투자 | C35: =E28 -> 2200000
B36: 당월 잔액(잉여금) | C36: =C31-C34-C35 -> 180000

Sheet 5월
B2: 2027년 5월 가계부
B4: [고정 수입] | G4: [이달의 변동 지출 내역]
B5: 항목 | C5: 예정일 | D5: 내용 | E5: 금액(원) | G5: 일자 | H5: 분류 | I5: 지출내용 | J5: 결제수단 | K5: 금액(원) | L5: 비고
B6: 기본급 | C6: 25일 | D6: 정기 급여 | E6: 4000000 | G6: 2027-05-03 | H6: 식비 | I6: 주말 장보기 | J6: 신용카드 | K6: 150000
B7: 상여/수당 | C7: - | D7: 성과급 등 | E7: 0 | G7: 2027-05-05 | H7: 외식/카페 | I7: 가족 외식 | J7: 신용카드 | K7: 80000
B8: 부수입 | C8: - | D8: 이자/배당 등 | E8: 0 | G8: 2027-05-08 | H8: 교통/차량 | I8: 주유 | J8: 체크카드 | K8: 70000
B9: 기타 | C9: - | D9: 환급금 등 | E9: 0 | G9: 2027-05-12 | H9: 생활용품 | I9: 생필품 구매 | J9: 신용카드 | K9: 50000
B10: 고정수입 합계 | E10: =SUM(E6:E9) -> 4000000 | G10: 2027-05-15 | H10: 문화/여가 | I10: 도서 및 영화 | J10: 신용카드 | K10: 40000
G11: 2027-05-20 | H11: 의료/건강 | I11: 병원 및 약국 | J11: 체크카드 | K11: 30000
B12: [고정 지출] | K12: 0
B13: 항목 | C13: 출금일 | D13: 내용/기관 | E13: 금액(원) | K13: 0
B14: 주거/관리비 | C14: 20일 | D14: 관리비 및 공과금 | E14: 300000 | K14: 0
B15: 통신/인터넷 | C15: 15일 | D15: 휴대폰 및 인터넷 | E15: 120000 | K15: 0
B16: 보장성보험 | C16: 10일 | D16: 실비 및 암보험 | E16: 250000 | K16: 0
B17: 대출원리금 | C17: 25일 | D17: 주택담보/신용대출 | E17: 500000 | K17: 0
B18: 구독/회비 | C18: 1일 | D18: OTT/멤버십 | E18: 30000 | K18: 0
B19: 기타정기지출 | C19: - | D19: 기타 정기출금 | E19: 0 | K19: 0
B20: 고정지출 합계 | E20: =SUM(E14:E19) -> 1200000 | K20: 0
K21: 0
B22: [저축 및 투자] | K22: 0
B23: 항목 | C23: 납입일 | D23: 금융기관/내용 | E23: 금액(원) | K23: 0
B24: 정기적금/예금 | C24: 25일 | D24: 목돈 마련 적금 | E24: 1000000 | G24: 변동지출 합계 | K24: =SUM(K6:K23) -> 420000
B25: 연금저축/IRP | C25: 25일 | D25: 세액공제 연금 | E25: 500000
B26: 주식/ETF투자 | C26: 25일 | D26: 적립식 투자 | E26: 500000 | G26: 구분 | H26: 금액(원)
B27: 비상금적립 | C27: 25일 | D27: CMA 파킹통장 | E27: 200000 | G27: 수입 | H27: =C31 -> 4000000
B28: 저축/투자 합계 | E28: =SUM(E24:E27) -> 2200000 | G28: 지출 | H28: =C34 -> 1620000
G29: 저축 | H29: =C35 -> 2200000
B30: [5월 재무 요약]
B31: 총 수입 | C31: =E10 -> 4000000
B32: 고정 지출 | C32: =E20 -> 1200000
B33: 변동 지출 | C33: =K24 -> 420000
B34: 총 지출 | C34: =C32+C33 -> 1620000
B35: 저축 및 투자 | C35: =E28 -> 2200000
B36: 당월 잔액(잉여금) | C36: =C31-C34-C35 -> 180000

Sheet 6월
B2: 2027년 6월 가계부
B4: [고정 수입] | G4: [이달의 변동 지출 내역]
B5: 항목 | C5: 예정일 | D5: 내용 | E5: 금액(원) | G5: 일자 | H5: 분류 | I5: 지출내용 | J5: 결제수단 | K5: 금액(원) | L5: 비고
B6: 기본급 | C6: 25일 | D6: 정기 급여 | E6: 4000000 | G6: 2027-06-03 | H6: 식비 | I6: 주말 장보기 | J6: 신용카드 | K6: 150000
B7: 상여/수당 | C7: - | D7: 성과급 등 | E7: 0 | G7: 2027-06-05 | H7: 외식/카페 | I7: 가족 외식 | J7: 신용카드 | K7: 80000
B8: 부수입 | C8: - | D8: 이자/배당 등 | E8: 0 | G8: 2027-06-08 | H8: 교통/차량 | I8: 주유 | J8: 체크카드 | K8: 70000
B9: 기타 | C9: - | D9: 환급금 등 | E9: 0 | G9: 2027-06-12 | H9: 생활용품 | I9: 생필품 구매 | J9: 신용카드 | K9: 50000
B10: 고정수입 합계 | E10: =SUM(E6:E9) -> 4000000 | G10: 2027-06-15 | H10: 문화/여가 | I10: 도서 및 영화 | J10: 신용카드 | K10: 40000
G11: 2027-06-20 | H11: 의료/건강 | I11: 병원 및 약국 | J11: 체크카드 | K11: 30000
B12: [고정 지출] | K12: 0
B13: 항목 | C13: 출금일 | D13: 내용/기관 | E13: 금액(원) | K13: 0
B14: 주거/관리비 | C14: 20일 | D14: 관리비 및 공과금 | E14: 300000 | K14: 0
B15: 통신/인터넷 | C15: 15일 | D15: 휴대폰 및 인터넷 | E15: 120000 | K15: 0
B16: 보장성보험 | C16: 10일 | D16: 실비 및 암보험 | E16: 250000 | K16: 0
B17: 대출원리금 | C17: 25일 | D17: 주택담보/신용대출 | E17: 500000 | K17: 0
B18: 구독/회비 | C18: 1일 | D18: OTT/멤버십 | E18: 30000 | K18: 0
B19: 기타정기지출 | C19: - | D19: 기타 정기출금 | E19: 0 | K19: 0
B20: 고정지출 합계 | E20: =SUM(E14:E19) -> 1200000 | K20: 0
K21: 0
B22: [저축 및 투자] | K22: 0
B23: 항목 | C23: 납입일 | D23: 금융기관/내용 | E23: 금액(원) | K23: 0
B24: 정기적금/예금 | C24: 25일 | D24: 목돈 마련 적금 | E24: 1000000 | G24: 변동지출 합계 | K24: =SUM(K6:K23) -> 420000
B25: 연금저축/IRP | C25: 25일 | D25: 세액공제 연금 | E25: 500000
B26: 주식/ETF투자 | C26: 25일 | D26: 적립식 투자 | E26: 500000 | G26: 구분 | H26: 금액(원)
B27: 비상금적립 | C27: 25일 | D27: CMA 파킹통장 | E27: 200000 | G27: 수입 | H27: =C31 -> 4000000
B28: 저축/투자 합계 | E28: =SUM(E24:E27) -> 2200000 | G28: 지출 | H28: =C34 -> 1620000
G29: 저축 | H29: =C35 -> 2200000
B30: [6월 재무 요약]
B31: 총 수입 | C31: =E10 -> 4000000
B32: 고정 지출 | C32: =E20 -> 1200000
B33: 변동 지출 | C33: =K24 -> 420000
B34: 총 지출 | C34: =C32+C33 -> 1620000
B35: 저축 및 투자 | C35: =E28 -> 2200000
B36: 당월 잔액(잉여금) | C36: =C31-C34-C35 -> 180000

Sheet 7월
B2: 2027년 7월 가계부
B4: [고정 수입] | G4: [이달의 변동 지출 내역]
B5: 항목 | C5: 예정일 | D5: 내용 | E5: 금액(원) | G5: 일자 | H5: 분류 | I5: 지출내용 | J5: 결제수단 | K5: 금액(원) | L5: 비고
B6: 기본급 | C6: 25일 | D6: 정기 급여 | E6: 4000000 | G6: 2027-07-03 | H6: 식비 | I6: 주말 장보기 | J6: 신용카드 | K6: 150000
B7: 상여/수당 | C7: - | D7: 성과급 등 | E7: 0 | G7: 2027-07-05 | H7: 외식/카페 | I7: 가족 외식 | J7: 신용카드 | K7: 80000
B8: 부수입 | C8: - | D8: 이자/배당 등 | E8: 0 | G8: 2027-07-08 | H8: 교통/차량 | I8: 주유 | J8: 체크카드 | K8: 70000
B9: 기타 | C9: - | D9: 환급금 등 | E9: 0 | G9: 2027-07-12 | H9: 생활용품 | I9: 생필품 구매 | J9: 신용카드 | K9: 50000
B10: 고정수입 합계 | E10: =SUM(E6:E9) -> 4000000 | G10: 2027-07-15 | H10: 문화/여가 | I10: 도서 및 영화 | J10: 신용카드 | K10: 40000
G11: 2027-07-20 | H11: 의료/건강 | I11: 병원 및 약국 | J11: 체크카드 | K11: 30000
B12: [고정 지출] | K12: 0
B13: 항목 | C13: 출금일 | D13: 내용/기관 | E13: 금액(원) | K13: 0
B14: 주거/관리비 | C14: 20일 | D14: 관리비 및 공과금 | E14: 300000 | K14: 0
B15: 통신/인터넷 | C15: 15일 | D15: 휴대폰 및 인터넷 | E15: 120000 | K15: 0
B16: 보장성보험 | C16: 10일 | D16: 실비 및 암보험 | E16: 250000 | K16: 0
B17: 대출원리금 | C17: 25일 | D17: 주택담보/신용대출 | E17: 500000 | K17: 0
B18: 구독/회비 | C18: 1일 | D18: OTT/멤버십 | E18: 30000 | K18: 0
B19: 기타정기지출 | C19: - | D19: 기타 정기출금 | E19: 0 | K19: 0
B20: 고정지출 합계 | E20: =SUM(E14:E19) -> 1200000 | K20: 0
K21: 0
B22: [저축 및 투자] | K22: 0
B23: 항목 | C23: 납입일 | D23: 금융기관/내용 | E23: 금액(원) | K23: 0
B24: 정기적금/예금 | C24: 25일 | D24: 목돈 마련 적금 | E24: 1000000 | G24: 변동지출 합계 | K24: =SUM(K6:K23) -> 420000
B25: 연금저축/IRP | C25: 25일 | D25: 세액공제 연금 | E25: 500000
B26: 주식/ETF투자 | C26: 25일 | D26: 적립식 투자 | E26: 500000 | G26: 구분 | H26: 금액(원)
B27: 비상금적립 | C27: 25일 | D27: CMA 파킹통장 | E27: 200000 | G27: 수입 | H27: =C31 -> 4000000
B28: 저축/투자 합계 | E28: =SUM(E24:E27) -> 2200000 | G28: 지출 | H28: =C34 -> 1620000
G29: 저축 | H29: =C35 -> 2200000
B30: [7월 재무 요약]
B31: 총 수입 | C31: =E10 -> 4000000
B32: 고정 지출 | C32: =E20 -> 1200000
B33: 변동 지출 | C33: =K24 -> 420000
B34: 총 지출 | C34: =C32+C33 -> 1620000
B35: 저축 및 투자 | C35: =E28 -> 2200000
B36: 당월 잔액(잉여금) | C36: =C31-C34-C35 -> 180000

Sheet 8월
B2: 2027년 8월 가계부
B4: [고정 수입] | G4: [이달의 변동 지출 내역]
B5: 항목 | C5: 예정일 | D5: 내용 | E5: 금액(원) | G5: 일자 | H5: 분류 | I5: 지출내용 | J5: 결제수단 | K5: 금액(원) | L5: 비고
B6: 기본급 | C6: 25일 | D6: 정기 급여 | E6: 4000000 | G6: 2027-08-03 | H6: 식비 | I6: 주말 장보기 | J6: 신용카드 | K6: 150000
B7: 상여/수당 | C7: - | D7: 성과급 등 | E7: 0 | G7: 2027-08-05 | H7: 외식/카페 | I7: 가족 외식 | J7: 신용카드 | K7: 80000
B8: 부수입 | C8: - | D8: 이자/배당 등 | E8: 0 | G8: 2027-08-08 | H8: 교통/차량 | I8: 주유 | J8: 체크카드 | K8: 70000
B9: 기타 | C9: - | D9: 환급금 등 | E9: 0 | G9: 2027-08-12 | H9: 생활용품 | I9: 생필품 구매 | J9: 신용카드 | K9: 50000
B10: 고정수입 합계 | E10: =SUM(E6:E9) -> 4000000 | G10: 2027-08-15 | H10: 문화/여가 | I10: 도서 및 영화 | J10: 신용카드 | K10: 40000
G11: 2027-08-20 | H11: 의료/건강 | I11: 병원 및 약국 | J11: 체크카드 | K11: 30000
B12: [고정 지출] | K12: 0
B13: 항목 | C13: 출금일 | D13: 내용/기관 | E13: 금액(원) | K13: 0
B14: 주거/관리비 | C14: 20일 | D14: 관리비 및 공과금 | E14: 300000 | K14: 0
B15: 통신/인터넷 | C15: 15일 | D15: 휴대폰 및 인터넷 | E15: 120000 | K15: 0
B16: 보장성보험 | C16: 10일 | D16: 실비 및 암보험 | E16: 250000 | K16: 0
B17: 대출원리금 | C17: 25일 | D17: 주택담보/신용대출 | E17: 500000 | K17: 0
B18: 구독/회비 | C18: 1일 | D18: OTT/멤버십 | E18: 30000 | K18: 0
B19: 기타정기지출 | C19: - | D19: 기타 정기출금 | E19: 0 | K19: 0
B20: 고정지출 합계 | E20: =SUM(E14:E19) -> 1200000 | K20: 0
K21: 0
B22: [저축 및 투자] | K22: 0
B23: 항목 | C23: 납입일 | D23: 금융기관/내용 | E23: 금액(원) | K23: 0
B24: 정기적금/예금 | C24: 25일 | D24: 목돈 마련 적금 | E24: 1000000 | G24: 변동지출 합계 | K24: =SUM(K6:K23) -> 420000
B25: 연금저축/IRP | C25: 25일 | D25: 세액공제 연금 | E25: 500000
B26: 주식/ETF투자 | C26: 25일 | D26: 적립식 투자 | E26: 500000 | G26: 구분 | H26: 금액(원)
B27: 비상금적립 | C27: 25일 | D27: CMA 파킹통장 | E27: 200000 | G27: 수입 | H27: =C31 -> 4000000
B28: 저축/투자 합계 | E28: =SUM(E24:E27) -> 2200000 | G28: 지출 | H28: =C34 -> 1620000
G29: 저축 | H29: =C35 -> 2200000
B30: [8월 재무 요약]
B31: 총 수입 | C31: =E10 -> 4000000
B32: 고정 지출 | C32: =E20 -> 1200000
B33: 변동 지출 | C33: =K24 -> 420000
B34: 총 지출 | C34: =C32+C33 -> 1620000
B35: 저축 및 투자 | C35: =E28 -> 2200000
B36: 당월 잔액(잉여금) | C36: =C31-C34-C35 -> 180000

Sheet 9월
B2: 2027년 9월 가계부
B4: [고정 수입] | G4: [이달의 변동 지출 내역]
B5: 항목 | C5: 예정일 | D5: 내용 | E5: 금액(원) | G5: 일자 | H5: 분류 | I5: 지출내용 | J5: 결제수단 | K5: 금액(원) | L5: 비고
B6: 기본급 | C6: 25일 | D6: 정기 급여 | E6: 4000000 | G6: 2027-09-03 | H6: 식비 | I6: 주말 장보기 | J6: 신용카드 | K6: 150000
B7: 상여/수당 | C7: - | D7: 성과급 등 | E7: 0 | G7: 2027-09-05 | H7: 외식/카페 | I7: 가족 외식 | J7: 신용카드 | K7: 80000
B8: 부수입 | C8: - | D8: 이자/배당 등 | E8: 0 | G8: 2027-09-08 | H8: 교통/차량 | I8: 주유 | J8: 체크카드 | K8: 70000
B9: 기타 | C9: - | D9: 환급금 등 | E9: 0 | G9: 2027-09-12 | H9: 생활용품 | I9: 생필품 구매 | J9: 신용카드 | K9: 50000
B10: 고정수입 합계 | E10: =SUM(E6:E9) -> 4000000 | G10: 2027-09-15 | H10: 문화/여가 | I10: 도서 및 영화 | J10: 신용카드 | K10: 40000
G11: 2027-09-20 | H11: 의료/건강 | I11: 병원 및 약국 | J11: 체크카드 | K11: 30000
B12: [고정 지출] | K12: 0
B13: 항목 | C13: 출금일 | D13: 내용/기관 | E13: 금액(원) | K13: 0
B14: 주거/관리비 | C14: 20일 | D14: 관리비 및 공과금 | E14: 300000 | K14: 0
B15: 통신/인터넷 | C15: 15일 | D15: 휴대폰 및 인터넷 | E15: 120000 | K15: 0
B16: 보장성보험 | C16: 10일 | D16: 실비 및 암보험 | E16: 250000 | K16: 0
B17: 대출원리금 | C17: 25일 | D17: 주택담보/신용대출 | E17: 500000 | K17: 0
B18: 구독/회비 | C18: 1일 | D18: OTT/멤버십 | E18: 30000 | K18: 0
B19: 기타정기지출 | C19: - | D19: 기타 정기출금 | E19: 0 | K19: 0
B20: 고정지출 합계 | E20: =SUM(E14:E19) -> 1200000 | K20: 0
K21: 0
B22: [저축 및 투자] | K22: 0
B23: 항목 | C23: 납입일 | D23: 금융기관/내용 | E23: 금액(원) | K23: 0
B24: 정기적금/예금 | C24: 25일 | D24: 목돈 마련 적금 | E24: 1000000 | G24: 변동지출 합계 | K24: =SUM(K6:K23) -> 420000
B25: 연금저축/IRP | C25: 25일 | D25: 세액공제 연금 | E25: 500000
B26: 주식/ETF투자 | C26: 25일 | D26: 적립식 투자 | E26: 500000 | G26: 구분 | H26: 금액(원)
B27: 비상금적립 | C27: 25일 | D27: CMA 파킹통장 | E27: 200000 | G27: 수입 | H27: =C31 -> 4000000
B28: 저축/투자 합계 | E28: =SUM(E24:E27) -> 2200000 | G28: 지출 | H28: =C34 -> 1620000
G29: 저축 | H29: =C35 -> 2200000
B30: [9월 재무 요약]
B31: 총 수입 | C31: =E10 -> 4000000
B32: 고정 지출 | C32: =E20 -> 1200000
B33: 변동 지출 | C33: =K24 -> 420000
B34: 총 지출 | C34: =C32+C33 -> 1620000
B35: 저축 및 투자 | C35: =E28 -> 2200000
B36: 당월 잔액(잉여금) | C36: =C31-C34-C35 -> 180000

Sheet 10월
B2: 2027년 10월 가계부
B4: [고정 수입] | G4: [이달의 변동 지출 내역]
B5: 항목 | C5: 예정일 | D5: 내용 | E5: 금액(원) | G5: 일자 | H5: 분류 | I5: 지출내용 | J5: 결제수단 | K5: 금액(원) | L5: 비고
B6: 기본급 | C6: 25일 | D6: 정기 급여 | E6: 4000000 | G6: 2027-10-03 | H6: 식비 | I6: 주말 장보기 | J6: 신용카드 | K6: 150000
B7: 상여/수당 | C7: - | D7: 성과급 등 | E7: 0 | G7: 2027-10-05 | H7: 외식/카페 | I7: 가족 외식 | J7: 신용카드 | K7: 80000
B8: 부수입 | C8: - | D8: 이자/배당 등 | E8: 0 | G8: 2027-10-08 | H8: 교통/차량 | I8: 주유 | J8: 체크카드 | K8: 70000
B9: 기타 | C9: - | D9: 환급금 등 | E9: 0 | G9: 2027-10-12 | H9: 생활용품 | I9: 생필품 구매 | J9: 신용카드 | K9: 50000
B10: 고정수입 합계 | E10: =SUM(E6:E9) -> 4000000 | G10: 2027-10-15 | H10: 문화/여가 | I10: 도서 및 영화 | J10: 신용카드 | K10: 40000
G11: 2027-10-20 | H11: 의료/건강 | I11: 병원 및 약국 | J11: 체크카드 | K11: 30000
B12: [고정 지출] | K12: 0
B13: 항목 | C13: 출금일 | D13: 내용/기관 | E13: 금액(원) | K13: 0
B14: 주거/관리비 | C14: 20일 | D14: 관리비 및 공과금 | E14: 300000 | K14: 0
B15: 통신/인터넷 | C15: 15일 | D15: 휴대폰 및 인터넷 | E15: 120000 | K15: 0
B16: 보장성보험 | C16: 10일 | D16: 실비 및 암보험 | E16: 250000 | K16: 0
B17: 대출원리금 | C17: 25일 | D17: 주택담보/신용대출 | E17: 500000 | K17: 0
B18: 구독/회비 | C18: 1일 | D18: OTT/멤버십 | E18: 30000 | K18: 0
B19: 기타정기지출 | C19: - | D19: 기타 정기출금 | E19: 0 | K19: 0
B20: 고정지출 합계 | E20: =SUM(E14:E19) -> 1200000 | K20: 0
K21: 0
B22: [저축 및 투자] | K22: 0
B23: 항목 | C23: 납입일 | D23: 금융기관/내용 | E23: 금액(원) | K23: 0
B24: 정기적금/예금 | C24: 25일 | D24: 목돈 마련 적금 | E24: 1000000 | G24: 변동지출 합계 | K24: =SUM(K6:K23) -> 420000
B25: 연금저축/IRP | C25: 25일 | D25: 세액공제 연금 | E25: 500000
B26: 주식/ETF투자 | C26: 25일 | D26: 적립식 투자 | E26: 500000 | G26: 구분 | H26: 금액(원)
B27: 비상금적립 | C27: 25일 | D27: CMA 파킹통장 | E27: 200000 | G27: 수입 | H27: =C31 -> 4000000
B28: 저축/투자 합계 | E28: =SUM(E24:E27) -> 2200000 | G28: 지출 | H28: =C34 -> 1620000
G29: 저축 | H29: =C35 -> 2200000
B30: [10월 재무 요약]
B31: 총 수입 | C31: =E10 -> 4000000
B32: 고정 지출 | C32: =E20 -> 1200000
B33: 변동 지출 | C33: =K24 -> 420000
B34: 총 지출 | C34: =C32+C33 -> 1620000
B35: 저축 및 투자 | C35: =E28 -> 2200000
B36: 당월 잔액(잉여금) | C36: =C31-C34-C35 -> 180000

Sheet 11월
B2: 2027년 11월 가계부
B4: [고정 수입] | G4: [이달의 변동 지출 내역]
B5: 항목 | C5: 예정일 | D5: 내용 | E5: 금액(원) | G5: 일자 | H5: 분류 | I5: 지출내용 | J5: 결제수단 | K5: 금액(원) | L5: 비고
B6: 기본급 | C6: 25일 | D6: 정기 급여 | E6: 4000000 | G6: 2027-11-03 | H6: 식비 | I6: 주말 장보기 | J6: 신용카드 | K6: 150000
B7: 상여/수당 | C7: - | D7: 성과급 등 | E7: 0 | G7: 2027-11-05 | H7: 외식/카페 | I7: 가족 외식 | J7: 신용카드 | K7: 80000
B8: 부수입 | C8: - | D8: 이자/배당 등 | E8: 0 | G8: 2027-11-08 | H8: 교통/차량 | I8: 주유 | J8: 체크카드 | K8: 70000
B9: 기타 | C9: - | D9: 환급금 등 | E9: 0 | G9: 2027-11-12 | H9: 생활용품 | I9: 생필품 구매 | J9: 신용카드 | K9: 50000
B10: 고정수입 합계 | E10: =SUM(E6:E9) -> 4000000 | G10: 2027-11-15 | H10: 문화/여가 | I10: 도서 및 영화 | J10: 신용카드 | K10: 40000
G11: 2027-11-20 | H11: 의료/건강 | I11: 병원 및 약국 | J11: 체크카드 | K11: 30000
B12: [고정 지출] | K12: 0
B13: 항목 | C13: 출금일 | D13: 내용/기관 | E13: 금액(원) | K13: 0
B14: 주거/관리비 | C14: 20일 | D14: 관리비 및 공과금 | E14: 300000 | K14: 0
B15: 통신/인터넷 | C15: 15일 | D15: 휴대폰 및 인터넷 | E15: 120000 | K15: 0
B16: 보장성보험 | C16: 10일 | D16: 실비 및 암보험 | E16: 250000 | K16: 0
B17: 대출원리금 | C17: 25일 | D17: 주택담보/신용대출 | E17: 500000 | K17: 0
B18: 구독/회비 | C18: 1일 | D18: OTT/멤버십 | E18: 30000 | K18: 0
B19: 기타정기지출 | C19: - | D19: 기타 정기출금 | E19: 0 | K19: 0
B20: 고정지출 합계 | E20: =SUM(E14:E19) -> 1200000 | K20: 0
K21: 0
B22: [저축 및 투자] | K22: 0
B23: 항목 | C23: 납입일 | D23: 금융기관/내용 | E23: 금액(원) | K23: 0
B24: 정기적금/예금 | C24: 25일 | D24: 목돈 마련 적금 | E24: 1000000 | G24: 변동지출 합계 | K24: =SUM(K6:K23) -> 420000
B25: 연금저축/IRP | C25: 25일 | D25: 세액공제 연금 | E25: 500000
B26: 주식/ETF투자 | C26: 25일 | D26: 적립식 투자 | E26: 500000 | G26: 구분 | H26: 금액(원)
B27: 비상금적립 | C27: 25일 | D27: CMA 파킹통장 | E27: 200000 | G27: 수입 | H27: =C31 -> 4000000
B28: 저축/투자 합계 | E28: =SUM(E24:E27) -> 2200000 | G28: 지출 | H28: =C34 -> 1620000
G29: 저축 | H29: =C35 -> 2200000
B30: [11월 재무 요약]
B31: 총 수입 | C31: =E10 -> 4000000
B32: 고정 지출 | C32: =E20 -> 1200000
B33: 변동 지출 | C33: =K24 -> 420000
B34: 총 지출 | C34: =C32+C33 -> 1620000
B35: 저축 및 투자 | C35: =E28 -> 2200000
B36: 당월 잔액(잉여금) | C36: =C31-C34-C35 -> 180000

Sheet 12월
B2: 2027년 12월 가계부
B4: [고정 수입] | G4: [이달의 변동 지출 내역]
B5: 항목 | C5: 예정일 | D5: 내용 | E5: 금액(원) | G5: 일자 | H5: 분류 | I5: 지출내용 | J5: 결제수단 | K5: 금액(원) | L5: 비고
B6: 기본급 | C6: 25일 | D6: 정기 급여 | E6: 4000000 | G6: 2027-12-03 | H6: 식비 | I6: 주말 장보기 | J6: 신용카드 | K6: 150000
B7: 상여/수당 | C7: - | D7: 성과급 등 | E7: 0 | G7: 2027-12-05 | H7: 외식/카페 | I7: 가족 외식 | J7: 신용카드 | K7: 80000
B8: 부수입 | C8: - | D8: 이자/배당 등 | E8: 0 | G8: 2027-12-08 | H8: 교통/차량 | I8: 주유 | J8: 체크카드 | K8: 70000
B9: 기타 | C9: - | D9: 환급금 등 | E9: 0 | G9: 2027-12-12 | H9: 생활용품 | I9: 생필품 구매 | J9: 신용카드 | K9: 50000
B10: 고정수입 합계 | E10: =SUM(E6:E9) -> 4000000 | G10: 2027-12-15 | H10: 문화/여가 | I10: 도서 및 영화 | J10: 신용카드 | K10: 40000
G11: 2027-12-20 | H11: 의료/건강 | I11: 병원 및 약국 | J11: 체크카드 | K11: 30000
B12: [고정 지출] | K12: 0
B13: 항목 | C13: 출금일 | D13: 내용/기관 | E13: 금액(원) | K13: 0
B14: 주거/관리비 | C14: 20일 | D14: 관리비 및 공과금 | E14: 300000 | K14: 0
B15: 통신/인터넷 | C15: 15일 | D15: 휴대폰 및 인터넷 | E15: 120000 | K15: 0
B16: 보장성보험 | C16: 10일 | D16: 실비 및 암보험 | E16: 250000 | K16: 0
B17: 대출원리금 | C17: 25일 | D17: 주택담보/신용대출 | E17: 500000 | K17: 0
B18: 구독/회비 | C18: 1일 | D18: OTT/멤버십 | E18: 30000 | K18: 0
B19: 기타정기지출 | C19: - | D19: 기타 정기출금 | E19: 0 | K19: 0
B20: 고정지출 합계 | E20: =SUM(E14:E19) -> 1200000 | K20: 0
K21: 0
B22: [저축 및 투자] | K22: 0
B23: 항목 | C23: 납입일 | D23: 금융기관/내용 | E23: 금액(원) | K23: 0
B24: 정기적금/예금 | C24: 25일 | D24: 목돈 마련 적금 | E24: 1000000 | G24: 변동지출 합계 | K24: =SUM(K6:K23) -> 420000
B25: 연금저축/IRP | C25: 25일 | D25: 세액공제 연금 | E25: 500000
B26: 주식/ETF투자 | C26: 25일 | D26: 적립식 투자 | E26: 500000 | G26: 구분 | H26: 금액(원)
B27: 비상금적립 | C27: 25일 | D27: CMA 파킹통장 | E27: 200000 | G27: 수입 | H27: =C31 -> 4000000
B28: 저축/투자 합계 | E28: =SUM(E24:E27) -> 2200000 | G28: 지출 | H28: =C34 -> 1620000
G29: 저축 | H29: =C35 -> 2200000
B30: [12월 재무 요약]
B31: 총 수입 | C31: =E10 -> 4000000
B32: 고정 지출 | C32: =E20 -> 1200000
B33: 변동 지출 | C33: =K24 -> 420000
B34: 총 지출 | C34: =C32+C33 -> 1620000
B35: 저축 및 투자 | C35: =E28 -> 2200000
B36: 당월 잔액(잉여금) | C36: =C31-C34-C35 -> 180000
